UMLClass,UMLEntity,UMLDescription,ConceptName,ConceptPreferredName,Classification,ConceptCode,ConceptDefinition,ConceptDefinitionSource,ModifiedDate,HumanVerified
Logical Model.edu.wustl.geneconnect.GenomicIdentifierSolution,Logical Model.edu.wustl.geneconnect.GenomicIdentifierSolution,Encapsulates the result set of a GeneConnect query,Outcome,Outcome,ObjectClass,C20200,A phenomenon that follows and is caused by some previous phenomenon.,NCI,,1
Logical Model.edu.wustl.geneconnect.GenomicIdentifierSolution,Logical Model.edu.wustl.geneconnect.GenomicIdentifierSolution,Encapsulates the result set of a GeneConnect query,Genomic_Identifier,Genomic Identifier,ObjectClassQualifier1,C45766,"One or more characters and/or numbers that are used to identify, name, or characterize the nature, properties, or contents of genomic sequences, mRNA transcripts, protein products, or other class of entities that occurs throughout the genome.",NCI,,1
Logical Model.edu.wustl.geneconnect.GenomicIdentifierSolution,id,Unique identifier of the Genomic Identifier Solution class,Identifier,Identifier,Property,C25364,"One or more characters used to identify, name, or characterize the nature, properties, or contents of a thing.",NCI,,1
Logical Model.edu.wustl.geneconnect.domain.LinkType,Logical Model.edu.wustl.geneconnect.domain.LinkType,This class represents the type of link between a pair of genomic identifiers that are linked to each other.,Type,Type,ObjectClass,C25284,Something distinguishable as an identifiable class based on common qualities.,NCI,,1
Logical Model.edu.wustl.geneconnect.domain.LinkType,Logical Model.edu.wustl.geneconnect.domain.LinkType,This class represents the type of link between a pair of genomic identifiers that are linked to each other.,Relationship,Relationship,ObjectClassQualifier1,C25648,"A state of connectedness between people, objects, or events; to be associated or connected with something.",NCI,,1
Logical Model.edu.wustl.geneconnect.domain.LinkType,id,Unique identifier for LinkType class,Identifier,Identifier,Property,C25364,"One or more characters used to identify, name, or characterize the nature, properties, or contents of a thing.",NCI,,1
Logical Model.edu.wustl.geneconnect.domain.LinkType,type,"It denotes the type of link between a pair of genomic identifiers. Possible values could be one of the Direct Annotation, Inferred Annotation or Alignment-based similarity.",Type,Type,Property,C25284,Something distinguishable as an identifiable class based on common qualities.,NCI,,1
Logical Model.edu.wustl.geneconnect.domain.EnsemblPeptide,Logical Model.edu.wustl.geneconnect.domain.EnsemblPeptide,This class representing the Ensembl Peptide ID.,Genomic_Identifier,Genomic Identifier,ObjectClass,C45766,"One or more characters and/or numbers that are used to identify, name, or characterize the nature, properties, or contents of genomic sequences, mRNA transcripts, protein products, or other class of entities that occurs throughout the genome.",NCI,,1
Logical Model.edu.wustl.geneconnect.domain.EnsemblPeptide,Logical Model.edu.wustl.geneconnect.domain.EnsemblPeptide,This class representing the Ensembl Peptide ID.,Peptide,Peptide,ObjectClassQualifier1,C735,Organic compound composed of amino acids linked together chemically by peptide bonds. The peptide bond always involves a single covalent link between the alpha-carboxyl (oxygen-bearing carbon) of one amino acid and the amino nitrogen of a second amino acid.,NCI,,1
Logical Model.edu.wustl.geneconnect.domain.EnsemblPeptide,Logical Model.edu.wustl.geneconnect.domain.EnsemblPeptide,This class representing the Ensembl Peptide ID.,Ensembl,Ensembl,ObjectClassQualifier2,C45763,Ensembl is a joint project between EMBL-EBI and the Sanger Institute to develop a software system which produces and maintains automatic annotation on selected eukaryotic genomes. Ensembl is primarily funded by the Wellcome Trust.  The Ensembl Genome Browser can be accessed through www.ensembl.org.,NCI,,1
Logical Model.edu.wustl.geneconnect.domain.EntrezGene,Logical Model.edu.wustl.geneconnect.domain.EntrezGene,This class representing the Entrez Gene ID.,Entrez_Gene,Entrez Gene,ObjectClass,C45765,"NCBI's database for gene-specific information. It focuses on the genomes that have been completely sequenced, that have an active research community to contribute gene-specific information, or that are scheduled for intense sequence analysis. The content of Entrez Gene represents the result of curation and automated integration of data from NCBI's Reference Sequence project (RefSeq), from collaborating model organism databases, and from many other databases available from NCBI. (from Nucleic Acids Res. 2005; 33(Database Issue): D54-D58)",NCI,,1
Logical Model.edu.wustl.geneconnect.domain.EntrezGene,genomicIdentifier,Contains genomic identifier value for EntrezGene data source.,Genomic_Identifier,Genomic Identifier,Property,C45766,"One or more characters and/or numbers that are used to identify, name, or characterize the nature, properties, or contents of genomic sequences, mRNA transcripts, protein products, or other class of entities that occurs throughout the genome.",NCI,,1
Logical Model.edu.wustl.geneconnect.domain.DataSource,Logical Model.edu.wustl.geneconnect.domain.DataSource,This class represents the data sources used in the system.,Data_Sources,Data Source,ObjectClass,C16493,The person or authoritative body who provided the information.,NCI,,1
Logical Model.edu.wustl.geneconnect.domain.DataSource,id,Unique identifier for DataSource class,Identifier,Identifier,Property,C25364,"One or more characters used to identify, name, or characterize the nature, properties, or contents of a thing.",NCI,,1
Logical Model.edu.wustl.geneconnect.domain.DataSource,name,"This denotes the name of the data source. The example data source names are UniGene, EntrezGene, UniProtKB etc.",Name_Generic_Concept,Name,Property,C42614,The words or language units by which a thing is known.,NCI,,1
Logical Model.edu.wustl.geneconnect.domain.EnsemblGene,Logical Model.edu.wustl.geneconnect.domain.EnsemblGene,This class representing the Ensembl Gene ID.,Gene,Gene,ObjectClass,C16612,"A functional unit of heredity which occupies a specific position (locus) on a particular chromosome, is capable of reproducing itself exactly at each cell division, and directs the formation of a protein or other product. The gene as a functional unit consists of a discrete segment of a giant DNA molecule containing the purine (adenine and guanine) and pyrimidine (cytosine and thymine) bases in the ordered and correct sequence that encodes a specific functional product (i.e., a protein or RNA molecule).",NCI,,1
Logical Model.edu.wustl.geneconnect.domain.EnsemblGene,Logical Model.edu.wustl.geneconnect.domain.EnsemblGene,This class representing the Ensembl Gene ID.,Ensembl,Ensembl,ObjectClassQualifier1,C45763,Ensembl is a joint project between EMBL-EBI and the Sanger Institute to develop a software system which produces and maintains automatic annotation on selected eukaryotic genomes. Ensembl is primarily funded by the Wellcome Trust.  The Ensembl Genome Browser can be accessed through www.ensembl.org.,NCI,,1
Logical Model.edu.wustl.geneconnect.domain.EnsemblGene,genomicIdentifier,Contains genomic identifier value for EnsemblGene data source.,Genomic_Identifier,Genomic Identifier,Property,C45766,"One or more characters and/or numbers that are used to identify, name, or characterize the nature, properties, or contents of genomic sequences, mRNA transcripts, protein products, or other class of entities that occurs throughout the genome.",NCI,,1
Logical Model.edu.wustl.geneconnect.domain.ProteinGenomicIdentifier,Logical Model.edu.wustl.geneconnect.domain.ProteinGenomicIdentifier,This class of genomic identifier that is limited to protein genomic identifiers.,Genomic_Identifier,Genomic Identifier,ObjectClass,C45766,"One or more characters and/or numbers that are used to identify, name, or characterize the nature, properties, or contents of genomic sequences, mRNA transcripts, protein products, or other class of entities that occurs throughout the genome.",NCI,,1
Logical Model.edu.wustl.geneconnect.domain.ProteinGenomicIdentifier,Logical Model.edu.wustl.geneconnect.domain.ProteinGenomicIdentifier,This class of genomic identifier that is limited to protein genomic identifiers.,Protein,Protein,ObjectClassQualifier1,C17021,A group of complex organic macromolecules composed of one or more chains (linear polymers) of alpha-L-amino acids linked by peptide bonds and ranging in size from a few thousand to over 1 million Daltons. Proteins are fundamental genetically encoded components of living cells with specific structures and functions dictated by amino acid sequence.,NCI,,1
Logical Model.edu.wustl.geneconnect.domain.ProteinGenomicIdentifier,genomicIdentifier,Contains genomic identifier value of data source belonging to Protein family,Genomic_Identifier,Genomic Identifier,Property,C45766,"One or more characters and/or numbers that are used to identify, name, or characterize the nature, properties, or contents of genomic sequences, mRNA transcripts, protein products, or other class of entities that occurs throughout the genome.",NCI,,1
Logical Model.edu.wustl.geneconnect.domain.EnsemblTranscript,Logical Model.edu.wustl.geneconnect.domain.EnsemblTranscript,This class representing the Ensembl Transcript ID.,Genomic_Identifier,Genomic Identifier,ObjectClass,C45766,"One or more characters and/or numbers that are used to identify, name, or characterize the nature, properties, or contents of genomic sequences, mRNA transcripts, protein products, or other class of entities that occurs throughout the genome.",NCI,,1
Logical Model.edu.wustl.geneconnect.domain.EnsemblTranscript,Logical Model.edu.wustl.geneconnect.domain.EnsemblTranscript,This class representing the Ensembl Transcript ID.,Transcript,Transcript,ObjectClassQualifier1,C1936,The initial RNA molecule produced by transcription.,NCI,,1
Logical Model.edu.wustl.geneconnect.domain.EnsemblTranscript,Logical Model.edu.wustl.geneconnect.domain.EnsemblTranscript,This class representing the Ensembl Transcript ID.,Ensembl,Ensembl,ObjectClassQualifier2,C45763,Ensembl is a joint project between EMBL-EBI and the Sanger Institute to develop a software system which produces and maintains automatic annotation on selected eukaryotic genomes. Ensembl is primarily funded by the Wellcome Trust.  The Ensembl Genome Browser can be accessed through www.ensembl.org.,NCI,,1
Logical Model.edu.wustl.geneconnect.domain.Gene,Logical Model.edu.wustl.geneconnect.domain.Gene,Contains gene genomic identifiers.,Gene,Gene,ObjectClass,C16612,"A functional unit of heredity which occupies a specific position (locus) on a particular chromosome, is capable of reproducing itself exactly at each cell division, and directs the formation of a protein or other product. The gene as a functional unit consists of a discrete segment of a giant DNA molecule containing the purine (adenine and guanine) and pyrimidine (cytosine and thymine) bases in the ordered and correct sequence that encodes a specific functional product (i.e., a protein or RNA molecule).",NCI,,1
Logical Model.edu.wustl.geneconnect.domain.Gene,id,Unique identifier for the Gene class.,Identifier,Identifier,Property,C25364,"One or more characters used to identify, name, or characterize the nature, properties, or contents of a thing.",NCI,,1
Logical Model.edu.wustl.geneconnect.domain.Gene,ensemblGeneId,The unique identifier assigned to a gene by ENSEMBL. It is used to uniquely identify a gene in the ENSEMBL system.,Genomic_Identifier ,Genomic Identifier,Property,C45763 ,"One or more characters and/or numbers that are used to identify, name, or characterize the nature, properties, or contents of genomic sequences, mRNA transcripts, protein products, or other class of entities that occurs throughout the genome.",NCI,,1
Logical Model.edu.wustl.geneconnect.domain.Gene,ensemblGeneId,The unique identifier assigned to a gene by ENSEMBL. It is used to uniquely identify a gene in the ENSEMBL system.,Ensembl,Ensembl,PropertyQualifier1,C45763,Ensembl is a joint project between EMBL-EBI and the Sanger Institute to develop a software system which produces and maintains automatic annotation on selected eukaryotic genomes. Ensembl is primarily funded by the Wellcome Trust.  The Ensembl Genome Browser can be accessed through www.ensembl.org.,NCI,,1
Logical Model.edu.wustl.geneconnect.domain.Gene,entrezGeneId,Entrez Gene (formerly LocusLink) is a National Center for Biotechnology Information (NCBI) database for gene-specific information. It does not include all known or predicted genes; instead Entrez Gene focuses on genomes that have been completely sequenced,Genomic_Identifier ,Genomic Identifier,Property,C45763 ,"One or more characters and/or numbers that are used to identify, name, or characterize the nature, properties, or contents of genomic sequences, mRNA transcripts, protein products, or other class of entities that occurs throughout the genome.",NCI,,1
Logical Model.edu.wustl.geneconnect.domain.Gene,entrezGeneId,Entrez Gene (formerly LocusLink) is a National Center for Biotechnology Information (NCBI) database for gene-specific information. It does not include all known or predicted genes; instead Entrez Gene focuses on genomes that have been completely sequenced,Entrez_Gene,Entrez Gene,PropertyQualifier1,C45765 ,"NCBI's database for gene-specific information. It focuses on the genomes that have been completely sequenced, that have an active research community to contribute gene-specific information, or that are scheduled for intense sequence analysis. The content of Entrez Gene represents the result of curation and automated integration of data from NCBI's Reference Sequence project (RefSeq), from collaborating model organism databases, and from many other databases available from NCBI. (from Nucleic Acids Res. 2005; 33(Database Issue): D54-D58)",NCI,,1
Logical Model.edu.wustl.geneconnect.domain.Gene,unigeneClusterId,"The unique identifiers for a gene cluster assigned by UniGene. The Cluster IDs begin with the species identifier (e.g., Hs) followed by a period and then the cluster ID number.",Genomic_Identifier ,Genomic Identifier,Property,C45763 ,"One or more characters and/or numbers that are used to identify, name, or characterize the nature, properties, or contents of genomic sequences, mRNA transcripts, protein products, or other class of entities that occurs throughout the genome.",NCI,,1
Logical Model.edu.wustl.geneconnect.domain.Gene,unigeneClusterId,"The unique identifiers for a gene cluster assigned by UniGene. The Cluster IDs begin with the species identifier (e.g., Hs) followed by a period and then the cluster ID number.",UniGene,UniGene,PropertyQualifier1,C43563,"An experimental system for automatically partitioning GenBank sequences into a non-redundant set of gene-oriented clusters. Each UniGene cluster contains sequences that represent a unique gene, as well as related information such as the tissue types in which the gene has been expressed and map location.  It is provided as a web application from the National Center for Biotechnology Information (NCBI).",NCI,,1
Logical Model.edu.wustl.geneconnect.domain.Gene,ensemblGeneAsOutput,The boolean value 'true' denotes  that the user has selected Ensembl Gene data source as a part of output solution.,Output,Output,Property,C47906,Anything coming out of a system.,NCI,,1
Logical Model.edu.wustl.geneconnect.domain.Gene,ensemblGeneAsOutput,The boolean value 'true' denotes  that the user has selected Ensembl Gene data source as a part of output solution.,Gene,Gene,PropertyQualifier1,C16612,"A functional unit of heredity which occupies a specific position (locus) on a particular chromosome, is capable of reproducing itself exactly at each cell division, and directs the formation of a protein or other product. The gene as a functional unit consists of a discrete segment of a giant DNA molecule containing the purine (adenine and guanine) and pyrimidine (cytosine and thymine) bases in the ordered and correct sequence that encodes a specific functional product (i.e., a protein or RNA molecule).",NCI,,1
Logical Model.edu.wustl.geneconnect.domain.Gene,ensemblGeneAsOutput,The boolean value 'true' denotes  that the user has selected Ensembl Gene data source as a part of output solution.,Ensembl,Ensembl,PropertyQualifier2,C45763,Ensembl is a joint project between EMBL-EBI and the Sanger Institute to develop a software system which produces and maintains automatic annotation on selected eukaryotic genomes. Ensembl is primarily funded by the Wellcome Trust.  The Ensembl Genome Browser can be accessed through www.ensembl.org.,NCI,,1
Logical Model.edu.wustl.geneconnect.domain.Gene,entrezGeneAsOutput,The boolean value 'true' denotes  that the user has selected Entrez Gene data source as a part of output solution.,Output,Output,Property,C47906,Anything coming out of a system.,NCI,,1
Logical Model.edu.wustl.geneconnect.domain.Gene,entrezGeneAsOutput,The boolean value 'true' denotes  that the user has selected Entrez Gene data source as a part of output solution.,Entrez_Gene,Entrez Gene,PropertyQualifier1,C45765,"NCBI's database for gene-specific information. It focuses on the genomes that have been completely sequenced, that have an active research community to contribute gene-specific information, or that are scheduled for intense sequence analysis. The content of Entrez Gene represents the result of curation and automated integration of data from NCBI's Reference Sequence project (RefSeq), from collaborating model organism databases, and from many other databases available from NCBI. (from Nucleic Acids Res. 2005; 33(Database Issue): D54-D58)",NCI,,1
Logical Model.edu.wustl.geneconnect.domain.Gene,unigeneAsOutput,The boolean value 'true' denotes  that the user has selected UniGene data source as a part of output solution.,Output,Output,Property,C47906,Anything coming out of a system.,NCI,,1
Logical Model.edu.wustl.geneconnect.domain.Gene,unigeneAsOutput,The boolean value 'true' denotes  that the user has selected UniGene data source as a part of output solution.,UniGene,UniGene,PropertyQualifier1,C43563,"An experimental system for automatically partitioning GenBank sequences into a non-redundant set of gene-oriented clusters. Each UniGene cluster contains sequences that represent a unique gene, as well as related information such as the tissue types in which the gene has been expressed and map location.  It is provided as a web application from the National Center for Biotechnology Information (NCBI).",NCI,,1
Logical Model.edu.wustl.geneconnect.domain.Protein,Logical Model.edu.wustl.geneconnect.domain.Protein,Contains protein genomic identifiers.,Protein,Protein,ObjectClass,C17021,A group of complex organic macromolecules composed of one or more chains (linear polymers) of alpha-L-amino acids linked by peptide bonds and ranging in size from a few thousand to over 1 million Daltons. Proteins are fundamental genetically encoded components of living cells with specific structures and functions dictated by amino acid sequence.,NCI,,1
Logical Model.edu.wustl.geneconnect.domain.Protein,id,Unique Identifier of the protein class,Identifier,Identifier,Property,C25364,"One or more characters used to identify, name, or characterize the nature, properties, or contents of a thing.",NCI,,1
Logical Model.edu.wustl.geneconnect.domain.Protein,ensemblPeptideId,The unique identifier assigned to a peptide by ENSEMBL. It is used to uniquely identify a peptide in the ENSEMBL system.,Genomic_Identifier,Genomic Identifier,Property,C45766,"One or more characters and/or numbers that are used to identify, name, or characterize the nature, properties, or contents of genomic sequences, mRNA transcripts, protein products, or other class of entities that occurs throughout the genome.",NCI,,1
Logical Model.edu.wustl.geneconnect.domain.Protein,ensemblPeptideId,The unique identifier assigned to a peptide by ENSEMBL. It is used to uniquely identify a peptide in the ENSEMBL system.,Ensembl,Ensembl,PropertyQualifier1,C45763,Ensembl is a joint project between EMBL-EBI and the Sanger Institute to develop a software system which produces and maintains automatic annotation on selected eukaryotic genomes. Ensembl is primarily funded by the Wellcome Trust.  The Ensembl Genome Browser can be accessed through www.ensembl.org.,NCI,,1
Logical Model.edu.wustl.geneconnect.domain.Protein,refseqId,The unique identifier for a Protein sequence assigned in the RefSeq data collection.,Genomic_Identifier,Genomic Identifier,Property,C45766,"One or more characters and/or numbers that are used to identify, name, or characterize the nature, properties, or contents of genomic sequences, mRNA transcripts, protein products, or other class of entities that occurs throughout the genome.",NCI,,1
Logical Model.edu.wustl.geneconnect.domain.Protein,refseqId,The unique identifier for a Protein sequence assigned in the RefSeq data collection.,RefSeq,RefSeq,PropertyQualifier1,C45335,"The Reference Sequence (RefSeq) collection aims to provide a comprehensive, integrated, non-redundant set of sequences, including genomic DNA, transcript (RNA), and protein products, for major research organisms.  RefSeq standards serve as the basis for medical, functional, and diversity studies; they provide a stable reference for gene identification and characterization, mutation analysis, expression studies, polymorphism discovery, and comparative analyses. RefSeqs are used as a reagent for the functional annotation of some genome sequencing projects, including those of human and mouse. ",NCI,,1
Logical Model.edu.wustl.geneconnect.domain.Protein,uniprotkbPrimaryAccession,The unique genomic identifier for a protein sequence assigned by the Universal Protein Resource Knowledge Base.,Genomic_Identifier,Genomic Identifier,Property,C45766,"One or more characters and/or numbers that are used to identify, name, or characterize the nature, properties, or contents of genomic sequences, mRNA transcripts, protein products, or other class of entities that occurs throughout the genome.",NCI,,1
Logical Model.edu.wustl.geneconnect.domain.Protein,uniprotkbPrimaryAccession,The unique genomic identifier for a protein sequence assigned by the Universal Protein Resource Knowledge Base.,Primary,Primary,PropertyQualifier1,C25251,Occurring first in time or sequence; original; of greatest rank or importance or value.,NCI,,1
Logical Model.edu.wustl.geneconnect.domain.Protein,uniprotkbPrimaryAccession,The unique genomic identifier for a protein sequence assigned by the Universal Protein Resource Knowledge Base.,UniProt_KB,UniProtKB,PropertyQualifier2,C47851,"The UniProt Knowledgebase (UniProtKB), a product of the UniProt consortium, provides a central database of protein sequences with accurate, consistent, rich sequence and functional annotation.  The UniProt Knowledgebase consists of two sections: Swiss-Prot - a section containing manually-annotated records with information extracted from literature and curator-evaluated computational analysis, and TrEMBL - a section with computationally analyzed records that await full manual annotation.",NCI,,1
Logical Model.edu.wustl.geneconnect.domain.Protein,genbankAccession,The accession number is the unique identifier assigned to the entire sequence record when the record is submitted to GenBank. ,Genomic_Identifier,Genomic Identifier,Property,C45766,"One or more characters and/or numbers that are used to identify, name, or characterize the nature, properties, or contents of genomic sequences, mRNA transcripts, protein products, or other class of entities that occurs throughout the genome.",NCI,,1
Logical Model.edu.wustl.geneconnect.domain.Protein,genbankAccession,The accession number is the unique identifier assigned to the entire sequence record when the record is submitted to GenBank. ,Accession_Number,Accession Number,PropertyQualifier1,C25402,"A control number unique to an object, used to identify it among the other objects in a collection.",NCI,,1
Logical Model.edu.wustl.geneconnect.domain.Protein,genbankAccession,The accession number is the unique identifier assigned to the entire sequence record when the record is submitted to GenBank. ,GenBank,GenBank,PropertyQualifier2,C43818,"The NIH genetic sequence database, an annotated collection of all publicly available DNA sequences. GenBank records are annotated using a standard set of biological terms and show these annotations in a Feature Table. A new release is made every two months. GenBank is part of the International Nucleotide Sequence Database Collaboration, which comprises the DNA DataBank of Japan (DDBJ), the European Molecular Biology Laboratory (EMBL), and GenBank at NCBI. These three organizations exchange data on a daily basis. The GenBank database is designed to provide and encourage access within the scientific community to the most up to date and comprehensive DNA sequence information. Therefore, NCBI places no restrictions on the use or distribution of the GenBank data. GenBank is available for searching at NCBI via several methods.",NCI,,1
Logical Model.edu.wustl.geneconnect.domain.Protein,ensemblPeptideAsOutput,The boolean value 'true' denotes  that the user has selected Ensembl Peptide data source as a part of output solution.,Output,Output,Property,C47906,Anything coming out of a system.,NCI,,1
Logical Model.edu.wustl.geneconnect.domain.Protein,ensemblPeptideAsOutput,The boolean value 'true' denotes  that the user has selected Ensembl Peptide data source as a part of output solution.,Peptide,Peptide,PropertyQualifier1,C735,Organic compound composed of amino acids linked together chemically by peptide bonds. The peptide bond always involves a single covalent link between the alpha-carboxyl (oxygen-bearing carbon) of one amino acid and the amino nitrogen of a second amino acid.,NCI,,1
Logical Model.edu.wustl.geneconnect.domain.Protein,ensemblPeptideAsOutput,The boolean value 'true' denotes  that the user has selected Ensembl Peptide data source as a part of output solution.,Ensembl,Ensembl,PropertyQualifier2,C45763,Ensembl is a joint project between EMBL-EBI and the Sanger Institute to develop a software system which produces and maintains automatic annotation on selected eukaryotic genomes. Ensembl is primarily funded by the Wellcome Trust.  The Ensembl Genome Browser can be accessed through www.ensembl.org.,NCI,,1
Logical Model.edu.wustl.geneconnect.domain.Protein,genbankProteinAsOutput,The boolean value 'true' denotes  that the user has selected GenBank Protein data source as a part of output solution.,Output,Output,Property,C47906,Anything coming out of a system.,NCI,,1
Logical Model.edu.wustl.geneconnect.domain.Protein,genbankProteinAsOutput,The boolean value 'true' denotes  that the user has selected GenBank Protein data source as a part of output solution.,Protein,Protein,PropertyQualifier1,C17021,A group of complex organic macromolecules composed of one or more chains (linear polymers) of alpha-L-amino acids linked by peptide bonds and ranging in size from a few thousand to over 1 million Daltons. Proteins are fundamental genetically encoded components of living cells with specific structures and functions dictated by amino acid sequence.,NCI,,1
Logical Model.edu.wustl.geneconnect.domain.Protein,genbankProteinAsOutput,The boolean value 'true' denotes  that the user has selected GenBank Protein data source as a part of output solution.,GenBank,GenBank,PropertyQualifier2,C43818,"The NIH genetic sequence database, an annotated collection of all publicly available DNA sequences. GenBank records are annotated using a standard set of biological terms and show these annotations in a Feature Table. A new release is made every two months. GenBank is part of the International Nucleotide Sequence Database Collaboration, which comprises the DNA DataBank of Japan (DDBJ), the European Molecular Biology Laboratory (EMBL), and GenBank at NCBI. These three organizations exchange data on a daily basis. The GenBank database is designed to provide and encourage access within the scientific community to the most up to date and comprehensive DNA sequence information. Therefore, NCBI places no restrictions on the use or distribution of the GenBank data. GenBank is available for searching at NCBI via several methods.",NCI,,1
Logical Model.edu.wustl.geneconnect.domain.Protein,refseqProteinAsOutput,The boolean value 'true' denotes  that the user has selected RefSeq Protein data source as a part of output solution.,Output,Output,Property,C47906,Anything coming out of a system.,NCI,,1
Logical Model.edu.wustl.geneconnect.domain.Protein,refseqProteinAsOutput,The boolean value 'true' denotes  that the user has selected RefSeq Protein data source as a part of output solution.,Protein,Protein,PropertyQualifier1,C17021,A group of complex organic macromolecules composed of one or more chains (linear polymers) of alpha-L-amino acids linked by peptide bonds and ranging in size from a few thousand to over 1 million Daltons. Proteins are fundamental genetically encoded components of living cells with specific structures and functions dictated by amino acid sequence.,NCI,,1
Logical Model.edu.wustl.geneconnect.domain.Protein,refseqProteinAsOutput,The boolean value 'true' denotes  that the user has selected RefSeq Protein data source as a part of output solution.,RefSeq,RefSeq,PropertyQualifier2,C45335,"The Reference Sequence (RefSeq) collection aims to provide a comprehensive, integrated, non-redundant set of sequences, including genomic DNA, transcript (RNA), and protein products, for major research organisms.  RefSeq standards serve as the basis for medical, functional, and diversity studies; they provide a stable reference for gene identification and characterization, mutation analysis, expression studies, polymorphism discovery, and comparative analyses. RefSeqs are used as a reagent for the functional annotation of some genome sequencing projects, including those of human and mouse. ",NCI,,1
Logical Model.edu.wustl.geneconnect.domain.Protein,uniprotkbAsOutput,The boolean value 'true' denotes  that the user has selected UniProtKB data source as a part of output solution.,Output,Output,Property,C47906,Anything coming out of a system.,NCI,,1
Logical Model.edu.wustl.geneconnect.domain.Protein,uniprotkbAsOutput,The boolean value 'true' denotes  that the user has selected UniProtKB data source as a part of output solution.,UniProt_KB,UniProtKB,PropertyQualifier1,C47851,"The UniProt Knowledgebase (UniProtKB), a product of the UniProt consortium, provides a central database of protein sequences with accurate, consistent, rich sequence and functional annotation.  The UniProt Knowledgebase consists of two sections: Swiss-Prot - a section containing manually-annotated records with information extracted from literature and curator-evaluated computational analysis, and TrEMBL - a section with computationally analyzed records that await full manual annotation.",NCI,,1
Logical Model.edu.wustl.geneconnect.domain.GenBankProtein,Logical Model.edu.wustl.geneconnect.domain.GenBankProtein,This class representing the GenBank Protein Accession Number.,Genomic_Identifier,Genomic Identifier,ObjectClass,C45766,"One or more characters and/or numbers that are used to identify, name, or characterize the nature, properties, or contents of genomic sequences, mRNA transcripts, protein products, or other class of entities that occurs throughout the genome.",NCI,,1
Logical Model.edu.wustl.geneconnect.domain.GenBankProtein,Logical Model.edu.wustl.geneconnect.domain.GenBankProtein,This class representing the GenBank Protein Accession Number.,Protein,Protein,ObjectClassQualifier1,C17021,A group of complex organic macromolecules composed of one or more chains (linear polymers) of alpha-L-amino acids linked by peptide bonds and ranging in size from a few thousand to over 1 million Daltons. Proteins are fundamental genetically encoded components of living cells with specific structures and functions dictated by amino acid sequence.,NCI,,1
Logical Model.edu.wustl.geneconnect.domain.GenBankProtein,Logical Model.edu.wustl.geneconnect.domain.GenBankProtein,This class representing the GenBank Protein Accession Number.,GenBank,GenBank,ObjectClassQualifier2,C43818,"The NIH genetic sequence database, an annotated collection of all publicly available DNA sequences. GenBank records are annotated using a standard set of biological terms and show these annotations in a Feature Table.",NCI,,1
Logical Model.edu.wustl.geneconnect.domain.ConsensusIdentifierData,Logical Model.edu.wustl.geneconnect.domain.ConsensusIdentifierData,Contains the actual instance (e.g. Entrez Gene ID 1958) of each genomic identifier that satisfies the GeneConnect query and its frequency across all result sets,Statistical_Frequency,Statistical Frequency,ObjectClass,C53988,The ratio of the number of observations in a statistical category to the total number of observations.,NCI,,1
Logical Model.edu.wustl.geneconnect.domain.ConsensusIdentifierData,Logical Model.edu.wustl.geneconnect.domain.ConsensusIdentifierData,Contains the actual instance (e.g. Entrez Gene ID 1958) of each genomic identifier that satisfies the GeneConnect query and its frequency across all result sets,Genomic_Identifier,Genomic Identifier,ObjectClassQualifier1,C45766,"One or more characters and/or numbers that are used to identify, name, or characterize the nature, properties, or contents of genomic sequences, mRNA transcripts, protein products, or other class of entities that occurs throughout the genome.",NCI,,1
Logical Model.edu.wustl.geneconnect.domain.ConsensusIdentifierData,id,Unique identifier of the Consensus Identifier Data class,Identifier,Identifier,Property,C25364,"One or more characters used to identify, name, or characterize the nature, properties, or contents of a thing.",NCI,,1
Logical Model.edu.wustl.geneconnect.domain.ConsensusIdentifierData,frequency,Frequency is the ratio of number of rows of result data set in which the genomic identifier occurs to the total number of rows in the result data set.,Statistical_Frequency,Statistical Frequency,Property,C53988,The ratio of the number of observations in a statistical category to the total number of observations.,NCI,,1
Logical Model.edu.wustl.geneconnect.domain.RefSeqProtein,Logical Model.edu.wustl.geneconnect.domain.RefSeqProtein,This class representing the RefSeq Protein Accession Number.,Genomic_Identifier,Genomic Identifier,ObjectClass,C45766,"One or more characters and/or numbers that are used to identify, name, or characterize the nature, properties, or contents of genomic sequences, mRNA transcripts, protein products, or other class of entities that occurs throughout the genome.",NCI,,1
Logical Model.edu.wustl.geneconnect.domain.RefSeqProtein,Logical Model.edu.wustl.geneconnect.domain.RefSeqProtein,This class representing the RefSeq Protein Accession Number.,Protein,Protein,ObjectClassQualifier1,C17021,A group of complex organic macromolecules composed of one or more chains (linear polymers) of alpha-L-amino acids linked by peptide bonds and ranging in size from a few thousand to over 1 million Daltons. Proteins are fundamental genetically encoded components of living cells with specific structures and functions dictated by amino acid sequence.,NCI,,1
Logical Model.edu.wustl.geneconnect.domain.RefSeqProtein,Logical Model.edu.wustl.geneconnect.domain.RefSeqProtein,This class representing the RefSeq Protein Accession Number.,RefSeq,RefSeq,ObjectClassQualifier2,C45335,"The Reference Sequence (RefSeq) collection aims to provide a comprehensive, integrated, non-redundant set of sequences, including genomic DNA, transcript (RNA), and protein products, for major research organisms.  RefSeq standards serve as the basis for medical, functional, and diversity studies; they provide a stable reference for gene identification and characterization, mutation analysis, expression studies, polymorphism discovery, and comparative analyses. RefSeqs are used as a reagent for the functional annotation of some genome sequencing projects, including those of human and mouse.",NCI,,1
Logical Model.edu.wustl.geneconnect.domain.OrderOfNodeTraversal,Logical Model.edu.wustl.geneconnect.domain.OrderOfNodeTraversal,Represents a link in the genomic identifier graph.  The collection of these links constitutes the order or node traversal through the genomic identifier graph that resulted in this distinct set of genomic identifiers.,Traverse_Down,Traverse Down,ObjectClass,C44243,Specifies the default behavior of a tree search or traversal.,NCI,,1
Logical Model.edu.wustl.geneconnect.domain.OrderOfNodeTraversal,Logical Model.edu.wustl.geneconnect.domain.OrderOfNodeTraversal,Represents a link in the genomic identifier graph.  The collection of these links constitutes the order or node traversal through the genomic identifier graph that resulted in this distinct set of genomic identifiers.,Tree_Node,Tree Node,ObjectClassQualifier1,C42765,A term that refers to any individual item or entity in a hierarchy or pedigree.,NCI,,1
Logical Model.edu.wustl.geneconnect.domain.OrderOfNodeTraversal,Logical Model.edu.wustl.geneconnect.domain.OrderOfNodeTraversal,Represents a link in the genomic identifier graph.  The collection of these links constitutes the order or node traversal through the genomic identifier graph that resulted in this distinct set of genomic identifiers.,Order,Order,ObjectClassQualifier2,C42680,A logical or comprehensible arrangement of separate elements; a condition of regular or proper arrangement.,NCI,,1
Logical Model.edu.wustl.geneconnect.domain.OrderOfNodeTraversal,id,Unique identifier of Order Of Node Traversal class,Identifier,Identifier,Property,C25364,"One or more characters used to identify, name, or characterize the nature, properties, or contents of a thing.",NCI,,1
Logical Model.edu.wustl.geneconnect.domain.GeneGenomicIdentifier,Logical Model.edu.wustl.geneconnect.domain.GeneGenomicIdentifier,This class of genomic identifier that is limited to gene genomic identifiers.,Genomic_Identifier,Genomic Identifier,ObjectClass,C45766,"One or more characters and/or numbers that are used to identify, name, or characterize the nature, properties, or contents of genomic sequences, mRNA transcripts, protein products, or other class of entities that occurs throughout the genome.",NCI,,1
Logical Model.edu.wustl.geneconnect.domain.GeneGenomicIdentifier,Logical Model.edu.wustl.geneconnect.domain.GeneGenomicIdentifier,This class of genomic identifier that is limited to gene genomic identifiers.,Gene,Gene,ObjectClassQualifier1,C16612,"A functional unit of heredity which occupies a specific position (locus) on a particular chromosome, is capable of reproducing itself exactly at each cell division, and directs the formation of a protein or other product. The gene as a functional unit consists of a discrete segment of a giant DNA molecule containing the purine (adenine and guanine) and pyrimidine (cytosine and thymine) bases in the ordered and correct sequence that encodes a specific functional product (i.e., a protein or RNA molecule).",NCI,,1
Logical Model.edu.wustl.geneconnect.domain.RefSeqmRNA,Logical Model.edu.wustl.geneconnect.domain.RefSeqmRNA,"The Reference Sequence (RefSeq) mrna  collection aims to provide a comprehensive, integrated, non-redundant set of sequences for transcript (RNA) for major research organisms.",Genomic_Identifier,Genomic Identifier,ObjectClass,C45766,"One or more characters and/or numbers that are used to identify, name, or characterize the nature, properties, or contents of genomic sequences, mRNA transcripts, protein products, or other class of entities that occurs throughout the genome.",NCI,,1
Logical Model.edu.wustl.geneconnect.domain.RefSeqmRNA,Logical Model.edu.wustl.geneconnect.domain.RefSeqmRNA,"The Reference Sequence (RefSeq) mrna  collection aims to provide a comprehensive, integrated, non-redundant set of sequences for transcript (RNA) for major research organisms.",Accession Number,Accession Number,ObjectClassQualifier1,C25402,"A control number unique to an object, used to identify it among the other objects in a collection.",NCI,,1
Logical Model.edu.wustl.geneconnect.domain.RefSeqmRNA,Logical Model.edu.wustl.geneconnect.domain.RefSeqmRNA,"The Reference Sequence (RefSeq) mrna  collection aims to provide a comprehensive, integrated, non-redundant set of sequences for transcript (RNA) for major research organisms.",Messenger_RNA,Messenger RNA,ObjectClassQualifier2,C813,A class of RNA molecule containing protein-coding information in its nucleotide sequence that can be translated into the amino acid sequence of a protein.,NCI,,1
Logical Model.edu.wustl.geneconnect.domain.RefSeqmRNA,Logical Model.edu.wustl.geneconnect.domain.RefSeqmRNA,"The Reference Sequence (RefSeq) mrna  collection aims to provide a comprehensive, integrated, non-redundant set of sequences for transcript (RNA) for major research organisms.",RefSeq,RefSeq,ObjectClassQualifier3,C45335,"The Reference Sequence (RefSeq) collection aims to provide a comprehensive, integrated, non-redundant set of sequences, including genomic DNA, transcript (RNA), and protein products, for major research organisms.  RefSeq standards serve as the basis for medical, functional, and diversity studies; they provide a stable reference for gene identification and characterization, mutation analysis, expression studies, polymorphism discovery, and comparative analyses. RefSeqs are used as a reagent for the functional annotation of some genome sequencing projects, including those of human and mouse.",NCI,,1
Logical Model.edu.wustl.geneconnect.domain.mRNAGenomicIdentifier,Logical Model.edu.wustl.geneconnect.domain.mRNAGenomicIdentifier,This class of genomic identifier that is limited to mRNA genomic identifiers.,Genomic_Identifier,Genomic Identifier,ObjectClass,C45766,"One or more characters and/or numbers that are used to identify, name, or characterize the nature, properties, or contents of genomic sequences, mRNA transcripts, protein products, or other class of entities that occurs throughout the genome.",NCI,,1
Logical Model.edu.wustl.geneconnect.domain.mRNAGenomicIdentifier,Logical Model.edu.wustl.geneconnect.domain.mRNAGenomicIdentifier,This class of genomic identifier that is limited to mRNA genomic identifiers.,Messenger_RNA,Messenger RNA,ObjectClassQualifier1,C25364,A class of RNA molecule containing protein-coding information in its nucleotide sequence that can be translated into the amino acid sequence of a protein.,NCI,,1
Logical Model.edu.wustl.geneconnect.domain.mRNAGenomicIdentifier,genomicIdentifier,Contains genomic identifier value of data source belonging to MessengerRNA family,Genomic_Identifier,Genomic Identifier,Property,C45766,"One or more characters and/or numbers that are used to identify, name, or characterize the nature, properties, or contents of genomic sequences, mRNA transcripts, protein products, or other class of entities that occurs throughout the genome.",NCI,,1
Logical Model.edu.wustl.geneconnect.domain.UniProtKB,Logical Model.edu.wustl.geneconnect.domain.UniProtKB,This class representing the UniProtKB Primary Accession Number.,Genomic_Identifier,Genomic Identifier,ObjectClass,C45766,"One or more characters and/or numbers that are used to identify, name, or characterize the nature, properties, or contents of genomic sequences, mRNA transcripts, protein products, or other class of entities that occurs throughout the genome.",NCI,,1
Logical Model.edu.wustl.geneconnect.domain.UniProtKB,Logical Model.edu.wustl.geneconnect.domain.UniProtKB,This class representing the UniProtKB Primary Accession Number.,Accession_Number,Accession Number,ObjectClassQualifier1,C25402,"A control number unique to an object, used to identify it among the other objects in a collection.",NCI,,1
Logical Model.edu.wustl.geneconnect.domain.UniProtKB,Logical Model.edu.wustl.geneconnect.domain.UniProtKB,This class representing the UniProtKB Primary Accession Number.,Primary,Primary,ObjectClassQualifier2,C25251,Occurring first in time or sequence; original; of greatest rank or importance or value.,NCI,,1
Logical Model.edu.wustl.geneconnect.domain.UniProtKB,Logical Model.edu.wustl.geneconnect.domain.UniProtKB,This class representing the UniProtKB Primary Accession Number.,UniProt_KB,UniProtKB,ObjectClassQualifier3,C47851,"The UniProt Knowledgebase (UniProtKB), a product of the UniProt consortium, provides a central database of protein sequences with accurate, consistent, rich sequence and functional annotation.  The UniProt Knowledgebase consists of two sections: Swiss-Prot - a section containing manually-annotated records with information extracted from literature and curator-evaluated computational analysis, and TrEMBL - a section with computationally analyzed records that await full manual annotation.",NCI,,1
Logical Model.edu.wustl.geneconnect.domain.GenomicIdentifier,Logical Model.edu.wustl.geneconnect.domain.GenomicIdentifier,Genomic Identifier denotes one of the genomic data sources.,Genomic_Identifier,Genomic Identifier,ObjectClass,C45766,"One or more characters and/or numbers that are used to identify, name, or characterize the nature, properties, or contents of genomic sequences, mRNA transcripts, protein products, or other class of entities that occurs throughout the genome.",NCI,,1
Logical Model.edu.wustl.geneconnect.domain.GenomicIdentifier,id,Unique identifier of the Genomic Identifier class,Identifier,Identifier,Property,C25364,"One or more characters used to identify, name, or characterize the nature, properties, or contents of a thing.",NCI,,1
Logical Model.edu.wustl.geneconnect.domain.GenomicIdentifierSet,Logical Model.edu.wustl.geneconnect.domain.GenomicIdentifierSet,Represents a distinct set of genomic identifiers that are linked using one or more orders of node traversal through the genomic identifier graph,Set,Set,ObjectClass,C47894,A group of things of the same kind that belong together and are so used.,NCI,,1
Logical Model.edu.wustl.geneconnect.domain.GenomicIdentifierSet,Logical Model.edu.wustl.geneconnect.domain.GenomicIdentifierSet,Represents a distinct set of genomic identifiers that are linked using one or more orders of node traversal through the genomic identifier graph,Genomic_Identifier,Genomic Identifier,ObjectClassQualifier1,C45766,"One or more characters and/or numbers that are used to identify, name, or characterize the nature, properties, or contents of genomic sequences, mRNA transcripts, protein products, or other class of entities that occurs throughout the genome.",NCI,,1
Logical Model.edu.wustl.geneconnect.domain.GenomicIdentifierSet,id,Unique identifier of Genomic Identifier Set class,Identifier,Identifier,Property,C25364,"One or more characters used to identify, name, or characterize the nature, properties, or contents of a thing.",NCI,,1
Logical Model.edu.wustl.geneconnect.domain.GenomicIdentifierSet,confidenceScore,It is the ratio of the number of occurrences of a 'set' of genomic identifiers to the total number of rows in the result set,Score,Score,Property,C25338,"A number or range of numeric values measuring performance, function, quality, or ability.",NCI,,1
Logical Model.edu.wustl.geneconnect.domain.GenomicIdentifierSet,confidenceScore,It is the ratio of the number of occurrences of a 'set' of genomic identifiers to the total number of rows in the result set,Statistical_Confidence,Statistical Confidence,ObjectClassQualifier1,C49020,The statistical calculation of the percentage likelihood for a given set of data to have a given statistical value.,NCI,,1
Logical Model.edu.wustl.geneconnect.domain.GenBankmRNA,Logical Model.edu.wustl.geneconnect.domain.GenBankmRNA,This class representing the GenBank mRNA Accession Number.,Genomic_Identifier,Genomic Identifier,ObjectClass,C45766,"One or more characters and/or numbers that are used to identify, name, or characterize the nature, properties, or contents of genomic sequences, mRNA transcripts, protein products, or other class of entities that occurs throughout the genome.",NCI,,1
Logical Model.edu.wustl.geneconnect.domain.GenBankmRNA,Logical Model.edu.wustl.geneconnect.domain.GenBankmRNA,This class representing the GenBank mRNA Accession Number.,Accession Number,Accession Number,ObjectClassQualifier1,C25402,"A control number unique to an object, used to identify it among the other objects in a collection.",NCI,,1
Logical Model.edu.wustl.geneconnect.domain.GenBankmRNA,Logical Model.edu.wustl.geneconnect.domain.GenBankmRNA,This class representing the GenBank mRNA Accession Number.,Messenger_RNA,Messenger RNA,ObjectClassQualifier2,C813,A class of RNA molecule containing protein-coding information in its nucleotide sequence that can be translated into the amino acid sequence of a protein.,NCI,,1
Logical Model.edu.wustl.geneconnect.domain.GenBankmRNA,Logical Model.edu.wustl.geneconnect.domain.GenBankmRNA,This class representing the GenBank mRNA Accession Number.,GenBank,GenBank,ObjectClassQualifier3,C43818,"The NIH genetic sequence database, an annotated collection of all publicly available DNA sequences. GenBank records are annotated using a standard set of biological terms and show these annotations in a Feature Table.",NCI,,1
Logical Model.edu.wustl.geneconnect.domain.MessengerRNA,Logical Model.edu.wustl.geneconnect.domain.MessengerRNA,Contains mRNA genomic identifiers.,Messenger_RNA,Messenger RNA,ObjectClass,C813,"Messenger RNA.  A class of RNA molecules that contain protein-coding information in their nucleotide sequence and can be translated into the amino acid sequence of a protein. Bacterial mRNAs are generally primary transcripts in that they do not require post-transcriptional processing. Eukaryotic mRNA is synthesized in the nucleus and must be exported to the cytoplasm for translation. Most eukaryotic mRNAs have a sequence of polyadenylic acid at the 3' end, referred to as the poly(A) tail. The function of this tail is not known for certain, but it may play a role in the export of mature mRNA from the nucleus as well as in helping stabilize some mRNA molecules by retarding their degradation in the cytoplasm.",NCI,,1
Logical Model.edu.wustl.geneconnect.domain.MessengerRNA,id,Unique Identifier for the Messenger RNA class,Identifier,Identifier,Property,C25364,"One or more characters used to identify, name, or characterize the nature, properties, or contents of a thing.",NCI,,1
Logical Model.edu.wustl.geneconnect.domain.MessengerRNA,ensemblTranscriptId,The unique identifier assigned to a transcript by ENSEMBL. It is used to uniquely identify a gene transcript in the ENSEMBL system.,Genomic_Identifier,Genomic Identifier,Property,C45766,"One or more characters and/or numbers that are used to identify, name, or characterize the nature, properties, or contents of genomic sequences, mRNA transcripts, protein products, or other class of entities that occurs throughout the genome.",NCI,,1
Logical Model.edu.wustl.geneconnect.domain.MessengerRNA,ensemblTranscriptId,The unique identifier assigned to a transcript by ENSEMBL. It is used to uniquely identify a gene transcript in the ENSEMBL system.,Ensembl,Ensembl,PropertyQualifier1,C45763,Ensembl is a joint project between EMBL-EBI and the Sanger Institute to develop a software system which produces and maintains automatic annotation on selected eukaryotic genomes. Ensembl is primarily funded by the Wellcome Trust.  The Ensembl Genome Browser can be accessed through www.ensembl.org.,NCI,,1
Logical Model.edu.wustl.geneconnect.domain.MessengerRNA,genbankAccession,The accession number is the unique identifier assigned to the entire sequence record when the record is submitted to GenBank. ,Genomic_Identifier,Genomic Identifier,Property,C45766,"One or more characters and/or numbers that are used to identify, name, or characterize the nature, properties, or contents of genomic sequences, mRNA transcripts, protein products, or other class of entities that occurs throughout the genome.",NCI,,1
Logical Model.edu.wustl.geneconnect.domain.MessengerRNA,genbankAccession,The accession number is the unique identifier assigned to the entire sequence record when the record is submitted to GenBank. ,Genbank_Accession_Number_Property,Genbank_Accession_Number_Property,PropertyQualifier1,C43685 ,"The NIH genetic sequence database, an annotated collection of all publicly available DNA sequences. GenBank records are annotated using a standard set of biological terms and show these annotations in a Feature Table. A new release is made every two months. GenBank is part of the International Nucleotide Sequence Database Collaboration, which comprises the DNA DataBank of Japan (DDBJ), the European Molecular Biology Laboratory (EMBL), and GenBank at NCBI. These three organizations exchange data on a daily basis. The GenBank database is designed to provide and encourage access within the scientific community to the most up to date and comprehensive DNA sequence information. Therefore, NCBI places no restrictions on the use or distribution of the GenBank data. GenBank is available for searching at NCBI via several methods.",NCI,,1
Logical Model.edu.wustl.geneconnect.domain.MessengerRNA,refseqId,The unique identifier for a Messenger RNA sequence assigned in the RefSeq data collection.,Genomic_Identifier,Genomic Identifier,Property,C45766,"One or more characters and/or numbers that are used to identify, name, or characterize the nature, properties, or contents of genomic sequences, mRNA transcripts, protein products, or other class of entities that occurs throughout the genome.",NCI,,1
Logical Model.edu.wustl.geneconnect.domain.MessengerRNA,refseqId,The unique identifier for a Messenger RNA sequence assigned in the RefSeq data collection.,RefSeq,RefSeq,Property,C45335,"The Reference Sequence (RefSeq) collection aims to provide a comprehensive, integrated, non-redundant set of sequences, including genomic DNA, transcript (RNA), and protein products, for major research organisms.  RefSeq standards serve as the basis for medical, functional, and diversity studies; they provide a stable reference for gene identification and characterization, mutation analysis, expression studies, polymorphism discovery, and comparative analyses. RefSeqs are used as a reagent for the functional annotation of some genome sequencing projects, including those of human and mouse. ",NCI,,1
Logical Model.edu.wustl.geneconnect.domain.MessengerRNA,ensemblTranscriptAsOutput,The boolean value 'true' denotes  that the user has selected Ensembl Transcript data source as a part of output solution.,Output,Output,Property,C47906,Anything coming out of a system.,NCI,,1
Logical Model.edu.wustl.geneconnect.domain.MessengerRNA,ensemblTranscriptAsOutput,The boolean value 'true' denotes  that the user has selected Ensembl Transcript data source as a part of output solution.,Transcripts,Transcript,PropertyQualifier1,C1936,The initial RNA molecule produced by transcription.,NCI,,1
Logical Model.edu.wustl.geneconnect.domain.MessengerRNA,ensemblTranscriptAsOutput,The boolean value 'true' denotes  that the user has selected Ensembl Transcript data source as a part of output solution.,Ensembl,Ensembl,PropertyQualifier2,C45763,Ensembl is a joint project between EMBL-EBI and the Sanger Institute to develop a software system which produces and maintains automatic annotation on selected eukaryotic genomes. Ensembl is primarily funded by the Wellcome Trust.  The Ensembl Genome Browser can be accessed through www.ensembl.org.,NCI,,1
Logical Model.edu.wustl.geneconnect.domain.MessengerRNA,genbankmRNAAsOutput,The boolean value 'true' denotes  that the user has selected GenBank mRNA data source as a part of output solution.,Output,Output,Property,C47906,Anything coming out of a system.,NCI,,1
Logical Model.edu.wustl.geneconnect.domain.MessengerRNA,genbankmRNAAsOutput,The boolean value 'true' denotes  that the user has selected GenBank mRNA data source as a part of output solution.,Messenger_RNA,Messenger RNA,PropertyQualifier1,C813,A class of RNA molecule containing protein-coding information in its nucleotide sequence that can be translated into the amino acid sequence of a protein.,NCI,,1
Logical Model.edu.wustl.geneconnect.domain.MessengerRNA,genbankmRNAAsOutput,The boolean value 'true' denotes  that the user has selected GenBank mRNA data source as a part of output solution.,GenBank,GenBank,PropertyQualifier2,C43818,"The NIH genetic sequence database, an annotated collection of all publicly available DNA sequences. GenBank records are annotated using a standard set of biological terms and show these annotations in a Feature Table.",NCI,,1
Logical Model.edu.wustl.geneconnect.domain.MessengerRNA,refseqmRNAAsOutput,The boolean value 'true' denotes  that the user has selected RefSeq mRNA data source as a part of output solution.,Output,Output,Property,C47906,Anything coming out of a system.,NCI,,1
Logical Model.edu.wustl.geneconnect.domain.MessengerRNA,refseqmRNAAsOutput,The boolean value 'true' denotes  that the user has selected RefSeq mRNA data source as a part of output solution.,Messenger_RNA,Messenger RNA,PropertyQualifier1,C813,A class of RNA molecule containing protein-coding information in its nucleotide sequence that can be translated into the amino acid sequence of a protein.,NCI,,1
Logical Model.edu.wustl.geneconnect.domain.MessengerRNA,refseqmRNAAsOutput,The boolean value 'true' denotes  that the user has selected RefSeq mRNA data source as a part of output solution.,RefSeq,RefSeq,PropertyQualifier2,C45335,"The Reference Sequence (RefSeq) collection aims to provide a comprehensive, integrated, non-redundant set of sequences, including genomic DNA, transcript (RNA), and protein products, for major research organisms.  RefSeq standards serve as the basis for medical, functional, and diversity studies; they provide a stable reference for gene identification and characterization, mutation analysis, expression studies, polymorphism discovery, and comparative analyses. RefSeqs are used as a reagent for the functional annotation of some genome sequencing projects, including those of human and mouse.",NCI,,1
Logical Model.edu.wustl.geneconnect.domain.UniGene,Logical Model.edu.wustl.geneconnect.domain.UniGene,This class representing the UniGene cluster ID.,UniGene,UniGene,ObjectClass,C43563,"An experimental system for automatically partitioning GenBank sequences into a non-redundant set of gene-oriented clusters. Each UniGene cluster contains sequences that represent a unique gene, as well as related information such as the tissue types in which the gene has been expressed and map location.  It is provided as a web application from the National Center for Biotechnology Information (NCBI).",NCI,,1
Logical Model.edu.wustl.geneconnect.domain.UniGene,genomicIdentifier,Contains genomic identifier value for UniGene data source.,Genomic_Identifier,Genomic Identifier,Property,C45766,"One or more characters and/or numbers that are used to identify, name, or characterize the nature, properties, or contents of genomic sequences, mRNA transcripts, protein products, or other class of entities that occurs throughout the genome.",NCI,,1
Logical Model.edu.java.lang.Integer,Logical Model.edu.java.lang.Integer,,Integer,Integer,ObjectClass,C45255,"A number with no fractional part, including the negative and positive numbers as well as zero.",NCI,,1
Logical Model.edu.java.lang.String,Logical Model.edu.java.lang.String,,String_Value,String,ObjectClass,C45253,An expression consisting of a linear sequence of symbols (characters or words or phrases).,NCI,,1
Logical Model.edu.java.lang.Long,Logical Model.edu.java.lang.Long,,Long,Long,ObjectClass,C48311,A variable that is stored as a signed 64-bit (8-byte) integer,NCI,,1
Logical Model.edu.java.lang.Float,Logical Model.edu.java.lang.Float,,Float_Value,Float,ObjectClass,C48150,A number that can have its decimal point in any position.,NCI,,1
Logical Model.edu.java.lang.Boolean,Logical Model.edu.java.lang.Boolean,,Boolean_Value,Boolean,ObjectClass,C45254,"The type of an expression with two possible values, ""true"" and ""false"". Also, a variable of Boolean type or a function with Boolean arguments or result. The most common Boolean functions are AND, OR and NOT.",NCI,,1
Logical Model.edu.java.lang.Double,Logical Model.edu.java.lang.Double,,Double,Double,ObjectClass,C48870,"A 64-bit floating point primitive. When wrapped in an immutable Object, it is called a Double.",NCI,,1
