<?xml version="1.0" encoding="UTF-8"?>
<jndiConfig xmlns="http://wsrf.globus.org/jndi/config">
  <service name="SERVICE-INSTANCE-PREFIX/GeneConnect">
    <resource name="configuration" type="edu.wustl.geneconnect.service.globus.resource.ResourceConfiguration">
      <resourceParams>
        <parameter>
          <name>factory</name>
          <value>org.globus.wsrf.jndi.BeanFactory</value>
        </parameter>
        <parameter>
          <name>performRegistration</name>
          <!-- Set this to false to skip ServiceGroup registration -->
          <value>true</value>
        </parameter>
        <parameter>
          <name>registrationTemplateFile</name>
          <!-- Set this to the relative path (from the container root, e.g GLOBUS_LOCATION for globus container) of the registration parameters template file (ignored if performRegistration is false) -->
          <value>ETC-PATH/registration.xml</value>
        </parameter>
        <parameter>
          <name>domainModelFile</name>
          <!-- Set this to the relative path (from the container root, e.g GLOBUS_LOCATION for globus container) of the domainModel extract -->
          <value>ETC-PATH/domainModel.xml</value>
        </parameter>
        <parameter>
          <name>serviceMetadataFile</name>
          <!-- Set this to the relative path (from the container root, e.g GLOBUS_LOCATION for globus container) of the serviceMetadata extract -->
          <value>ETC-PATH/GeneConnect_serviceMetadata.xml</value>
        </parameter>
      </resourceParams>
    </resource>
    <resource name="serviceconfiguration" type="edu.wustl.geneconnect.service.ServiceConfiguration">
      <resourceParams>
        <parameter>
          <name>factory</name>
          <value>org.globus.wsrf.jndi.BeanFactory</value>
        </parameter>
        <parameter>
          <name>queryProcessorClass</name>
          <value>@queryProcessorClass@</value>
        </parameter>
        <parameter>
          <name>serverConfigLocation</name>
          <value>ETC-PATH/@serverConfigLocation@</value>
        </parameter>
        <parameter>
          <name>dataService_cqlValidatorClass</name>
          <value>@dataService_cqlValidatorClass@</value>
        </parameter>
        <parameter>
          <name>dataService_domainModelValidatorClass</name>
          <value>@dataService_domainModelValidatorClass@</value>
        </parameter>
        <parameter>
          <name>dataService_validateCqlFlag</name>
          <value>@dataService_validateCqlFlag@</value>
        </parameter>
        <parameter>
          <name>dataService_validateDomainModelFlag</name>
          <value>@dataService_validateDomainModelFlag@</value>
        </parameter>
        <parameter>
          <name>dataService_classMappingsFilename</name>
          <value>ETC-PATH/@dataService_classMappingsFilename@</value>
        </parameter>
        <parameter>
          <name>cqlQueryProcessorConfig_appserviceUrl</name>
          <value>@cqlQueryProcessorConfig_appserviceUrl@</value>
        </parameter>
      </resourceParams>
    </resource>
    <resource name="home" type="edu.wustl.geneconnect.service.globus.resource.BaseResourceHome">
      <resourceParams>
        <parameter>
          <name>factory</name>
          <value>org.globus.wsrf.jndi.BeanFactory</value>
        </parameter>
      </resourceParams>
    </resource>
  </service>
</jndiConfig>

